INSERT INTO categories (id,name,src_img)
 VALUES
(1,'legumes','legumes/curcubitace/courgette/long_vert.jpg'),
(2,'fleurs','null')

;

INSERT INTO families (id,category_id,name,path_name,src_img)
 VALUES
(1,1,'Salades','salade','legumes/salade/batavia_blonde.jpg'),
(2,1,'Choux','chou','legumes/chou/frise.jpg'),
(3,1,'Curcurbitacés','curcurbitace','legumes/curcubitace/courgette/long_vert.jpg'),
(4,1,'Tomates','tomate','legumes/tomate/tradi/moyenne.jpg'),
(5,1,'Aromatiques','aromatique','legumes/aromatique/persil.jpg'),
(7,1,'Fraises','fraise','legumes/fraise/remontantes/agathe.jpg'),
(8,1,'Divers','divers','legumes/divers/artichaud/petit_violet.jpg'),
(9,1,'Poivrons & Piments','poivron-piment','legumes/poivron_piment/rouge.jpg'),
(10,1,'Aubergines','aubergine','legumes/aubergine/violet_long.jpg'),
(11,1,'Oignons & Poireaux','oignon/poireau','legumes/oignon_poireau/rond_jaune.jpg')

;

INSERT INTO regroupments (id,family_id,name,src_img,path_name)
 VALUES
(1,1,'Laitue ','legumes/salade/batavia_brune.png','laitue'),
(2,1,'Chicorée','legumes/salade/scarole.jpg','chicoree'),
(3,8,'Epinard','legumes/salade/epinard.jpg','epinard'),
(4,2,'Choux traditionnels','legumes/chou/frise.jpg','traditionnel'),
(5,2,'Choux atypiques','legumes/chou/kale.jpg','atypique'),
(6,3,'Courgettes','legumes/curcubitace/courgette/long_vert.jpg','courgette'),
(7,3,'Melons','legumes/curcubitace/melon/charentais.jpg','melon'),
(8,3,'Pasteques','legumes/curcubitace/pasteque/melon_eau.jpg','pasteque'),
(9,3,'Concombres','legumes/curcubitace/concombre/lisse.jpg','concombre'),
(10,3,'Autres Curcurbitacés','legumes/curcubitace/autre/butternut.jpg','autre'),
(11,4,'Tomates Précoce','legumes/tomate/tradi/moyenne.jpg','precoce'),
(12,4,'Tomates Rondes','legumes/tomate/tradi/moyenne.jpg','ronde'),
(13,4,'Tomates Tardives','legumes/tomate/tradi/grosse.jpg','tardive'),
(14,4,'Tomates Cerise','legumes/tomate/collection/cerise_poire.jpg','cerise'),
(15,4,'Tomates Collection','legumes/tomate/collection/andine.jpg','collection'),
(16,5,'Aromatiques Annuels','legumes/aromatique/basilic_fin.jpg','annuel'),
(17,5,'Aromatiques Vivaces','legumes/aromatique/thym.jpg','vivace'),
(18,8,'Artichaud','legumes/divers/artichaud/petit_violet.jpg','artichaud'),
(19,7,'Fraises remontantes','legumes/fraise/remontantes/agathe.jpg','remontante'),
(20,7,'Fraises printanière','legumes/fraise/printeniere/gariguette.jpg','printaniere'),
(21,8,'Patates','legumes/divers/patate/patate_douce.jpg','patate'),
(22,8,'Asperges','legumes/divers/asperge/verte.jpg','asperge'),
(23,8,'Blettes','legumes/divers/blette/blette.jpg','blette'),
(24,8,'Betteraves','legumes/divers/betterave/betterave.jpg','betterave'),
(25,8,'Céleri','legumes/divers/celeri/celeri_branche.jpg','celeri'),
(26,8,'Fenouil','legumes/divers/fenouil/fenouil.jpg','fenouil'),
(27,9,'Poivrons','legumes/poivron_piment/general.jpg','poivron'),
(28,9,'Piments','legumes/poivron_piment/piment_rouge.jpg','piment'),
(29,10,'Aubergines blanches','legumes/aubergine/blanche_long.jpg','blanc'),
(30,10,'Aubergines violettes','legumes/aubergine/violet_long.jpg','violet'),
(31,11,'Oignons Rouge','legumes/oignon_poireau/rond_rouge.jpg','oignon-rouge'),
(32,11,'Oignons Jaune','legumes/oignon_poireau/rond_jaune.jpg','oignon-jaune'),
(33,11,'Oignons Blanc','legumes/oignon_poireau/rond_blanc.jpg','oignon-blanc'),
(34,11,'Poireau','legumes/oignon_poireau/poireau.jpg','poireau')


;

INSERT INTO plants (id,regroupment_id,name,description,src_img,path_name)
 VALUES
(1,1,'Batavia Brune','Salade craquante classique, facile à cultiver.','legumes/salade/batavia_blonde.jpg','sld-batavia-brune'),
(2,1,'Batavia Blonde','Salade craquante classique, facile à cultiver.','legumes/salade/batavia_brune.png','sld-batavia-blonde'),
(3,1,'Laitue Blonde','Salade tendre classique, facile à cultiver.','legumes/salade/laitue_blonde.jpg','sld-laitue-blonde'),
(4,1,'Laitue Brune','Salade tendre classique, facile à cultiver','legumes/salade/laitue_brune.jpg','sld-laitue-brune'),
(5,1,'Sucrine','Salade à culture rapide, craquante','legumes/salade/sucrine.jpg','sld-sucrine'),
(6,1,'Rougette','Salade à culture rapide, craquante','legumes/salade/rougette.jpg','sld-rougette'),
(7,1,'Iceberg','Salade très craquante, résiste bien à la chaleur de cuisson','legumes/salade/iceberg.jpg','sld-iceberg'),
(8,1,'Reine des glaces','Salade très craquante, résiste bien à la chaleur de cuisson','legumes/salade/reine_glace.jpg','sld-reine-glace'),
(9,1,'Feuille de chêne blonde','Salade craquante','legumes/salade/chene_blonde.jpg','sld-chene-blonde'),
(10,1,'Feuille de chêne brune','Salade craquante','legumes/salade/chene_brune.png','sld-chene-brune'),
(11,1,'Feuille de chêne à couper','Salade craquante, ne pomme pas mais plusieurs récoltes sont possibles, plutôt dure','legumes/salade/chene_coupe.jpg','sld-chene-coupe'),
(12,1,'Romaine Blonde','Salade craquante, ne pomme con mais plusieurs récoltes sont possibles','legumes/salade/romaine_blonde.jpg','sld-romaine-blonde'),
(13,1,'Romaine Brune','Salade craquante qui se developpe en hauteur','legumes/salade/romaine_brune.jpg','sld-romaine-brune'),
(14,2,'Scarole','Chicorée craquante','legumes/salade/scarole.jpg','sld-scarole'),
(15,2,'Frisée','Chicorée amère, plutôt dure','legumes/salade/frise.jpg','sld-frise'),
(16,2,'Vérone','Chicorée amère, très craquante','legumes/salade/verone.jpg','sld-verone'),
(17,2,'Pain de sucre','Chicorée amère','legumes/salade/pain_sucre.jpg','sld-pain-sucre'),
(18,2,'Cornette','Chicorée craquante','legumes/salade/cornette.jpg','sld-cornette'),
(19,1,'Passion','Résiste bien au gel','legumes/salade/passion.jpg','sld-passion'),
(20,2,'Epinard','Riche en fer, devenez comme Popey. Un argument pour convaincre vos enfants!','legumes/salade/epinard.jpg','epinard'),
(21,1,'Mache','Petite salade, très agréable en bouche.','legumes/salade/mache.jpg','sld-mache'),
(22,4,'Chou Blanc','Chou très pommé, idéal pour soupe et salade.','legumes/chou/cabus.jpg','cho-blanc'),
(23,4,'Chou Frisé','Chou pommé de référence, idéal pour soupe et farci','legumes/chou/frise.jpg','cho-frise'),
(24,4,'Chou Fleur','Chou fleur classique, en gratin, blanchi et même cru!','legumes/chou/fleur.jpg','cho-fleur'),
(25,4,'Chou Brocoli','Chou brocoli classique, très bon blanchi','legumes/chou/brocoli.jpg','cho-brocoli'),
(26,4,'Chou de Bruxelle','Chou qui tiens bien la cuisson, pas besoin de le blanchir si vous le faites à la poêle.','legumes/chou/bruxelle.jpg','cho-bruxelle'),
(27,4,'Chou Rouge','Idéal en soupe ou en salade','legumes/chou/romanesco.jpg','cho-rouge'),
(28,5,'Chou Romanesco','Plus petit que son cousin le chou fleur, mais aussi bien plus bon!','legumes/chou/romanesco.jpg','cho-romanesco'),
(29,5,'Chou Rave Rouge','Idéal en salade','legumes/chou/rave-rouge.jpg','cho-rave-rouge'),
(30,5,'Chou Kale','Idéal pour faire du farci, il ne pomme pas.','legumes/chou/kale.jpg','cho-kale'),
(31,5,'Chou Pontoise','Ancienne variété du chou frisé commun, retombez en enfance.','legumes/chou/pontoise.jpg','cho-pontoise'),
(32,5,'Chou Fleur Vert','Plus digeste que le chou fleur blanc. Vivement conseillé pour les amoureux du chou fleur qui ne peuvent pas en manger car cardiaque, celui-ci est sain pour vous!','legumes/chou/fleur_vert.jpg','cho-fleur-vert'),
(33,5,'Chou Fourrager','Chou qui ne pomme pas, utilisé principalement pour nourrir vos animaux, il est également très bon en cuisine','legumes/chou/fourrager.jpg','cho-fourrager'),
(34,5,'Chou de Chine','Chou à culture rapide, similaire à une salade, peut être mangé cru ou braisé','legumes/chou/chine.jpg','cho-chine'),
(35,6,'Courgette Longue Verte','Courgette non coureuse classique.','legumes/curcubitace/courgette/long_vert.jpg','crgt-longue-verte'),
(36,6,'Courgette Ronde Verte','Courgette non coureuse classique.','legumes/curcubitace/courgette/rond_vert.jpg','crgt-ronde-verte'),
(37,6,'Courgette Longue Jaune','Courgette non coureuse classique. Plus digeste que la verte','legumes/curcubitace/courgette/longue_jaune.jpg','crgt-longue-jaune'),
(38,6,'Courgette Longue Blanche','Courgette non coureuse classique. Plus digeste que la verte','legumes/curcubitace/courgette/longue_blanc.jpg','crgt-longue-blanche'),
(39,7,'Melon Brodé','Melon à peau rugeuse.','legumes/curcubitace/melon/melon-2314618_1920.jpg','mel-brode'),
(40,7,'Melon Charentais','Melon à peau lisse','legumes/curcubitace/melon/charentais.jpg','mel-charentais'),
(41,8,'Pastèque Melon d''eau','Pastèque commun, à déguster en tranche ou à maltraité en pinata. Mais dans un cas comme l''autre, délicieuse!','legumes/curcubitace/pasteque/melon_eau.jpg','pastq-eau'),
(42,8,'Pastèque Confiture','Pastèque principalement utilisée pour faire de la confiture. Pour une consomation pendant l''été, préférez le melon d''eau','legumes/curcubitace/pasteque/confiture.jpg','pastq-confiture'),
(43,9,'Concombre Lisse','Concombre commun','legumes/curcubitace/concombre/lisse.jpg','ccmbr-lisse'),
(44,9,'Concombre Epineux','Ancienne variété du concombre, celui-ci est plus amère que son petit frère.','legumes/curcubitace/concombre/epineux.jpg','ccmbr-epineu'),
(45,10,'Courge','Courge musquée de provence, aussi appellée citrouille, elle accompagnera vos meilleures tartes tout comme votre Halloween','legumes/curcubitace/autre/courge.jpg','courge'),
(46,10,'Pâtisson','Petit curcurbitacé blanc.','legumes/curcubitace/autre/patisson.jpg','patisson'),
(47,10,'Potimarron','Plus sucré que la courge','legumes/curcubitace/autre/potimaron.jpg','potimarron'),
(48,10,'Butternut','Un gout de noisette prononcé, délicieux en gratin ou dans un pot-au-feu','legumes/curcubitace/autre/butternut.jpg','butternut'),
(49,10,'Mini Courge Carat','Une courge à taille réduite, pour les plus petits estomac.','legumes/curcubitace/autre/carat.jpg','mini-courge-carrat'),
(50,10,'Courgette-Spaghetti','Idéal en gratin. Votre enfant ne mange que des pâtes? Donnez lui ces spaghettis. ','legumes/curcubitace/autre/spaghetti.jpg','courgette-spaghetti'),
(51,11,'Tomate Paola Petit Pot','Tomate précoce. A mettre sous serre ou veranda, car attention au gel!','legumes/tomate/tradi/moyenne.jpg','tradi-paola-precoce'),
(52,11,'Tomate Trésor Gros Pot','Tomate cultivée sous nos serre dès Février pour que vous puissiez avoir rapidement des tomates dans vos jardins','legumes/tomate/tradi/moyenne.jpg','tresor-gros-pot'),
(53,11,'Tomate Agora','Tomate précoce classique, calibre moyen.','legumes/tomate/tradi/moyenne.jpg','tradi-agora'),
(54,12,'Tomate St Pierre','Ancienne variété de tomate, l''unique hybride fixée de notre catalogue.','legumes/tomate/tradi/moyenne.jpg','tradi-st-pierre'),
(55,12,'Tomate Marmande','Ancienne variété de grosse tomate, plutôt tardive comparée au autre variétée','legumes/tomate/tradi/moyenne.jpg','tradi-marmande'),
(56,12,'Tomate Cobra','Tomate de référence, calibre salade.','legumes/tomate/tradi/moyenne.jpg','tradi-cobra'),
(57,12,'Tomate Kalimba','Tomate idéal pour les terres argilo-calcaire. Calibre salade','legumes/tomate/tradi/moyenne.jpg','tradi-kalimba'),
(58,13,'Tomate Ondina','Tomate ronde classique, calibre salade','legumes/tomate/tradi/moyenne.jpg','tradi-ondina'),
(59,13,'Tomate Cœur de Bœuf','Vous la connaissez déjà. Et je sais que vous la connaissez. Alors non, je ne vous ferais pas de description!','legumes/tomate/tradi/grosse.jpg','tradi-cœur-bœuf'),
(60,13,'Tomate Grosse','Très charnue avec peu de graine. Peut faire jusqu''à 1kg.','legumes/tomate/tradi/grosse.jpg','tradi-grosse'),
(61,13,'Tomate Roma','Tomate moyenne, allongée, très charue','legumes/tomate/tradi/roma.jpg','tradi-roma'),
(62,14,'Tomate Cerise Ronde Rouge','Evitez de dire à vos enfant que vous en plantez. Sinon, vous pouvez être sûr de ne jamais avoir le temps de les voir murir.','legumes/tomate/collection/cerise.jpg','collec-ronde-rouge'),
(63,14,'Tomate Cerise Poire Jaune','Plus sucrée que sa cousine rouge','legumes/tomate/collection/cerise_jaune.jpg','collec-poire-jaune'),
(64,14,'Tomate Cerise Poire Rouge','Similaire à la tomate cesire, sa forme permet de changer lors de vos apéros ou de changer la décoration de vos plats','legumes/tomate/collection/cerise_poire.jpg','collec-poire-rouge'),
(65,14,'Tomate Cocktail Rouge','Tomate à calibre supérieur à celui de la cerise. Parfait avec du gruyère sur un pique','legumes/tomate/collection/cerise.jpg','collec-cocktail-rouge'),
(66,15,'Tomate Black Cherry','Similaire en taille à la cocktail, mais plus sombre, proche de la Noire de Crimée. ','null','collec-black-cherry'),
(67,15,'Tomate Grosse Jaune','Tout aussi grosse qu''une tomate russe','legumes/tomate/collection/jaune.jpg','collec-jaune'),
(68,15,'Tomate Russe','Une tomate énorme, très charnue, qui dépasse aisement le kilo!','legumes/tomate/tradi/grosse.jpg','collec-russe'),
(69,15,'Tomate Green Zebra','Une tomate qui murit verte. Oui oui! Idéal pour créer du constrate dans vos salade. Et promis, elle est tout aussi bonne!','null','collec-green-zebra'),
(70,15,'Tomate Ananas','Une tomate particulièrement sucrée. Note du dev : Ma préférée, avec l''andine! ','legumes/tomate/collection/ananas.jpg','collec-ananas'),
(71,15,'Tomate Andine Cornue','Une tomate allongée, très charnue et ferme. Parfaite à manger avec un peu de sel.','legumes/tomate/collection/andine.jpg','collec-andine-cornu'),
(72,15,'Tomate Noire de Crimée','Très charnue mais néanmoins douce, une très bonne tomate.','legumes/tomate/collection/noire.png','collec-noir-crime'),
(73,15,'Tomate Rose de Berne','Tomate caractérisée par une peau très fine! ','legumes/tomate/collection/rose_berne.jpg','collec-rose-berne'),
(74,16,'Persil Géant d''Italie','Persil commun','legumes/aromatique/persil.jpg','persil-plat'),
(75,16,'Persil Frisé','Persil au gout légèrement plus prononcé que son cousin','legumes/aromatique/persil_frise.jpg','persil-frise'),
(76,16,'Ciboulette','Dans une salade, sur une viande…Miam!','legumes/aromatique/ciboulette.jpg','ciboulette'),
(77,16,'Basilic Grosse Feuille','Préparez vos meilleurs pesto!','legumes/aromatique/basilic_gros.jpg','basilic-plat'),
(78,16,'Basilic Fin Vert','Se caractérise par une feuille bien plus petite que son cousin, le haché est alors bien plus simple','legumes/aromatique/basilic_fin.jpg','basilic-fin'),
(79,16,'Basilic Rouge','Un persil au gout plus prononcé que ses cousins','legumes/aromatique/basilic_rouge.jpg','basilic-rouge'),
(80,16,'Oseille','null','legumes/aromatique/oseille.jpg','oseille'),
(81,16,'Coriandre','null','legumes/aromatique/coriandre.jpg','coriandre'),
(82,16,'Aneth','null','legumes/aromatique/ache_montagne.jpg','aneth'),
(83,16,'Rhubarbe','null','legumes/aromatique/rhubarbe.jpg','rhubarbe'),
(84,16,'Cerfeuil','null','legumes/aromatique/cerfeuil.jpg','cerfeuil'),
(85,16,'Verveine Citronnelle','Idéal en tisane. Ou pour faire fuir les moustiques','legumes/aromatique/verveine_citron.jpg','verveine-citron'),
(86,16,'Citronnelle de Madagascar','Idéal en tisane. Ou pour faire fuir les moustiques','null','verveine-madagascar'),
(87,16,'Menthe Verte','Une plante qui aime l''ombre. Est aussi une plante que vous aimez en tisane!','legumes/aromatique/menthe.jpg','menthe-verte'),
(88,16,'Menthe Poivrée','Une plante qui aime l''ombre. Est aussi une plante que vous aimez en tisane!','legumes/aromatique/menthe.jpg','menthe-poivre'),
(89,16,'Menthe Fraise','Une plante qui aime l''ombre. Est aussi une plante que vous aimez en tisane!','legumes/aromatique/menthe.jpg','menthe-fraise'),
(90,16,'Menther After Eight','Une plante qui aime l''ombre. Est aussi une plante que vous aimez en tisane!','legumes/aromatique/menthe.jpg','menthe-chocolat'),
(91,16,'Menthe Pomme','Une plante qui aime l''ombre. Est aussi une plante que vous aimez en tisane!','legumes/aromatique/menthe.jpg','menthe-pomme'),
(92,16,'Laurier Sauce','Parfait pour vos sauces, composant du bouquet garni de vos meilleurs plats','legumes/aromatique/laurier.jpg','laurier-sauce'),
(93,16,'Sauge Officinale','null','legumes/aromatique/sauge_officinale.jpg','sauge-officinale'),
(94,16,'Fenouil Bronze','null','legumes/divers/fenouil/fenouil_bronze.jpg','fenouil-bronze'),
(95,16,'Ache des montagnes','Un celeri à l''état sauvage. ','legumes/aromatique/ache_montagne.jpg','ache-montagne'),
(96,16,'Sariette','null','null','sariette'),
(97,16,'Thym','Une plante estivale, qui ne crain pas le gel','legumes/aromatique/thym.jpg','thym'),
(98,16,'Origan','null','legumes/aromatique/origan.jpg','origan'),
(99,18,'Artichaud Gros Vert','Star du printemps, à déguster blanchi avec une vinaigrette','legumes/divers/artichaud/gros_vert.jpg','arti-gros-vert'),
(100,18,'Artichaud Petit Violet','Plus petit que son cousin vert, Mme Brieussel les manger même cru lorsqu''ils sont encore petit, puisqu''ils n''ont pas encore de fouin','legumes/divers/artichaud/petit_violet.jpg','arti-petit-violet'),
(101,19,'Fraise Garigette','Une grosse fraise, très gouteuse, mais ne produit qu''au printemps','legumes/fraise/printeniere/gariguette.jpg','fraise-garigette'),
(102,19,'Fraise Agathe','Une fraise 4 saison, gouteuse et très grosse.','legumes/fraise/remontantes/agathe.jpg','fraise-agathe'),
(103,19,'Fraise Anaïs','Une fraise 4 saison, plus grosse que l''agathe, mais moins goutue','legumes/fraise/remontantes/anais.jpg','fraise-anais'),
(104,19,'Fraise Mariguette','4 saison, croisement entre Garigette et Mara des bois. Tout est dit.','legumes/fraise/remontantes/marigette.jpg','fraise-mariguette'),
(105,19,'Fraise Mara des bois','Une fraise 4 saison, très petite, mais la plus goutue de notre catalogue','legumes/fraise/remontantes/mara_bois.jpg','fraise-mara'),
(106,19,'Fraise Charlotte','Amélioration de la Mara des bois, plus grosse que celle-ci, et presque tout aussi goutue','legumes/fraise/remontantes/marigette.jpg','fraise-charlotte'),
(107,19,'Fraise Gento','Une très grosse fraise, qui peut néanmoins manquer de goût sans ajout de sucre. Cependant parfaite pour faire un saladier de fraises.','legumes/fraise/printeniere/gento.jpg','fraise-gento'),
(108,19,'Fraise Vivarosa','Une fraise qui est caractérisée par sa fleur rose. Goutue ET décorative. Qu''attendez vous?','null','fraise-vivarosa'),
(109,21,'Patate Douce','Une patate qui peut dépasser le kilo, avec 3 à 5 patate par pied.','legumes/divers/patate/patate_douce.jpg','patate-douce'),
(110,22,'Asperge Blanche','null','legumes/divers/asperge/blanche.jpg','asperge-blanche'),
(111,22,'Asperge Verte','null','legumes/divers/asperge/verte.jpg','asperge-verte'),
(112,23,'Blette à Cotte Blanche','null','legumes/divers/blette/blette.jpg','blette-blanche'),
(113,24,'Betterave Rouge','null','legumes/divers/blette/blette.jpg','betterave-rouge'),
(114,25,'Céleri Rave','Celeri dont on mange le bulbe à sa base','legumes/divers/celeri/celeri_rave.jpg','celeri-rave'),
(115,25,'Céleri Branche','Celeri dont on mange les branches, souvent utilisé en sauge','legumes/divers/celeri/celeri_branche.jpg','celeri-branche'),
(116,25,'Céleri Perpétuel','Identique à celeri branche, à la différence que celui-ci est vivace','legumes/divers/celeri/celeri_branche_perpetuel.jpg','celeri-perpetuel'),
(117,26,'Fenouil','null','legumes/divers/fenouil/fenouil.jpg','fenouil'),
(118,29,'Aubergine Longue Blanche','null','legumes/aubergine/blanche_long.jpg','aub-bl-longue'),
(119,29,'Aubergine Longue Striée','null','legumes/aubergine/strille.jpg','aub-stri-longue'),
(120,30,'Aubergine Longue Violette','null','legumes/aubergine/violet_long.jpg','aub-vio-longue'),
(121,30,'Aubergine Ronde Violette','null','legumes/aubergine/violet_rond.jpg','aub-vio-ronde'),
(122,27,'Poivron Carré','null','legumes/poivron_piment/rouge.jpg','poiv-carre'),
(123,27,'Poivron Jaune','null','legumes/poivron_piment/jaune.jpeg','poiv-jaune'),
(124,28,'Piment Doux des Landes','null','legumes/poivron_piment/piment_doux.jpg','pim-doux-lande'),
(125,28,'Piment Basque','null','legumes/poivron_piment/sweet-peppers-499068_1920.jpg','pim-basque'),
(126,28,'Piment Cayenne','null','legumes/poivron_piment/piment_rouge.jpg','pim-cayenne'),
(127,28,'Piment Oiseau','null','legumes/poivron_piment/piment_rouge.jpg','pim-oiseau'),
(128,28,'Piment Fuëgo','null','legumes/poivron_piment/piment_vert.jpg','pim-fuego'),
(129,32,'Oignon Jaune St-Michel','null','legumes/oignon_poireau/rond_jaune.jpg','oig-st-michel'),
(130,32,'Oignon Jaune Lescure','null','legumes/oignon_poireau/rond_jaune.jpg','oig-lescure'),
(131,32,'Oignon Jaune Allongé Tresbon','null','legumes/oignon_poireau/long_jaune.jpg','oig-tresbon'),
(132,32,'Oignon Jaune Lezignan','null','legumes/oignon_poireau/rond_jaune.jpg','oig-lezignan'),
(133,32,'Oignon Jaune Cévenne','null','legumes/oignon_poireau/rond_jaune.jpg','oig-cevenne'),
(134,31,'Oignon Rouge Rond','null','legumes/oignon_poireau/rond_rouge.jpg','oig-rouge'),
(135,31,'Oignon Rouge Allongé Semiane','null','legumes/oignon_poireau/long_rouge.jpg','oig-semiane'),
(136,33,'Oignon Blanc Doux','null','legumes/oignon_poireau/rond_blanc.jpg','oig-blanc'),
(137,34,'Poireau d''été','null','legumes/oignon_poireau/poireau.jpg','poi-ete'),
(138,34,'Poireau Bleu de Solèze','null','legumes/oignon_poireau/poireau.jpg','poi-hiver')


;

INSERT INTO plants_images(id,plant_id,src_img)
 VALUES
(1,1,'legumes/salade/batavia_blonde.jpg'),
(2,2,'legumes/salade/batavia_brune.png'),
(3,3,'legumes/salade/laitue_blonde.jpg'),
(4,4,'legumes/salade/laitue_brune.jpg'),
(5,5,'legumes/salade/sucrine.jpg'),
(6,6,'legumes/salade/rougette.jpg'),
(7,7,'legumes/salade/iceberg.jpg'),
(8,8,'legumes/salade/reine_glace.jpg'),
(9,9,'legumes/salade/chene_blonde.jpg'),
(10,10,'legumes/salade/chene_brune.png'),
(11,11,'legumes/salade/chene_coupe.jpg'),
(12,12,'legumes/salade/romaine_blonde.jpg'),
(13,13,'legumes/salade/romaine_brune.jpg'),
(14,14,'legumes/salade/scarole.jpg'),
(15,15,'legumes/salade/frise.jpg'),
(16,16,'legumes/salade/verone.jpg'),
(17,17,'legumes/salade/pain_sucre.jpg'),
(18,18,'legumes/salade/cornette.jpg'),
(19,19,'legumes/salade/passion.jpg'),
(20,20,'legumes/salade/epinard.jpg'),
(21,21,'legumes/salade/mache.jpg'),
(22,22,'legumes/chou/cabus.jpg'),
(23,23,'legumes/chou/frise.jpg'),
(24,24,'legumes/chou/fleur.jpg'),
(25,25,'legumes/chou/brocoli.jpg'),
(26,26,'legumes/chou/bruxelle.jpg'),
(27,27,'legumes/chou/romanesco.jpg'),
(28,28,'legumes/chou/romanesco.jpg'),
(29,29,'legumes/chou/rave-rouge.jpg'),
(30,30,'legumes/chou/kale.jpg'),
(31,31,'legumes/chou/pontoise.jpg'),
(32,32,'legumes/chou/fleur_vert.jpg'),
(33,33,'legumes/chou/fourrager.jpg'),
(34,34,'legumes/chou/chine.jpg'),
(35,35,'legumes/curcubitace/courgette/long_vert.jpg'),
(36,36,'legumes/curcubitace/courgette/rond_vert.jpg'),
(37,37,'legumes/curcubitace/courgette/longue_jaune.jpg'),
(38,38,'legumes/curcubitace/courgette/longue_blanc.jpg'),
(39,39,'legumes/curcubitace/melon/melon-2314618_1920.jpg'),
(40,40,'legumes/curcubitace/melon/charentais.jpg'),
(41,41,'legumes/curcubitace/pasteque/melon_eau.jpg'),
(42,42,'legumes/curcubitace/pasteque/confiture.jpg'),
(43,43,'legumes/curcubitace/concombre/lisse.jpg'),
(44,44,'legumes/curcubitace/concombre/epineux.jpg'),
(45,45,'legumes/curcubitace/autre/courge.jpg'),
(46,46,'legumes/curcubitace/autre/patisson.jpg'),
(47,47,'legumes/curcubitace/autre/potimaron.jpg'),
(48,48,'legumes/curcubitace/autre/butternut.jpg'),
(49,49,'legumes/curcubitace/autre/carat.jpg'),
(50,50,'legumes/curcubitace/autre/spaghetti.jpg'),
(51,51,'legumes/tomate/tradi/moyenne.jpg'),
(52,52,'legumes/tomate/tradi/moyenne.jpg'),
(53,53,'legumes/tomate/tradi/moyenne.jpg'),
(54,54,'legumes/tomate/tradi/moyenne.jpg'),
(55,55,'legumes/tomate/tradi/moyenne.jpg'),
(56,56,'legumes/tomate/tradi/moyenne.jpg'),
(57,57,'legumes/tomate/tradi/moyenne.jpg'),
(58,58,'legumes/tomate/tradi/moyenne.jpg'),
(59,59,'legumes/tomate/tradi/grosse.jpg'),
(60,60,'legumes/tomate/tradi/grosse.jpg'),
(61,61,'legumes/tomate/tradi/roma.jpg'),
(62,62,'legumes/tomate/collection/cerise.jpg'),
(63,63,'legumes/tomate/collection/cerise_jaune.jpg'),
(64,64,'legumes/tomate/collection/cerise_poire.jpg'),
(65,65,'legumes/tomate/collection/cerise.jpg'),
(66,66,'null'),
(67,67,'legumes/tomate/collection/jaune.jpg'),
(68,68,'legumes/tomate/tradi/grosse.jpg'),
(69,69,'null'),
(70,70,'legumes/tomate/collection/ananas.jpg'),
(71,71,'legumes/tomate/collection/andine.jpg'),
(72,72,'legumes/tomate/collection/noire.png'),
(73,73,'legumes/tomate/collection/rose_berne.jpg'),
(74,74,'legumes/aromatique/persil.jpg'),
(75,75,'legumes/aromatique/persil_frise.jpg'),
(76,76,'legumes/aromatique/ciboulette.jpg'),
(77,77,'legumes/aromatique/basilic_gros.jpg'),
(78,78,'legumes/aromatique/basilic_fin.jpg'),
(79,79,'legumes/aromatique/basilic_rouge.jpg'),
(80,80,'legumes/aromatique/oseille.jpg'),
(81,81,'legumes/aromatique/coriandre.jpg'),
(82,82,'legumes/aromatique/ache_montagne.jpg'),
(83,83,'legumes/aromatique/rhubarbe.jpg'),
(84,84,'legumes/aromatique/cerfeuil.jpg'),
(85,85,'legumes/aromatique/verveine_citron.jpg'),
(86,86,'null'),
(87,87,'legumes/aromatique/menthe.jpg'),
(88,88,'legumes/aromatique/menthe.jpg'),
(89,89,'legumes/aromatique/menthe.jpg'),
(90,90,'legumes/aromatique/menthe.jpg'),
(91,91,'legumes/aromatique/menthe.jpg'),
(92,92,'legumes/aromatique/laurier.jpg'),
(93,93,'legumes/aromatique/sauge_officinale.jpg'),
(94,94,'legumes/divers/fenouil/fenouil_bronze.jpg'),
(95,95,'legumes/aromatique/ache_montagne.jpg'),
(96,96,'null'),
(97,97,'legumes/aromatique/thym.jpg'),
(98,98,'legumes/aromatique/origan.jpg'),
(99,99,'legumes/divers/artichaud/gros_vert.jpg'),
(100,100,'legumes/divers/artichaud/petit_violet.jpg'),
(101,101,'legumes/fraise/printeniere/gariguette.jpg'),
(102,102,'legumes/fraise/remontantes/agathe.jpg'),
(103,103,'legumes/fraise/remontantes/anais.jpg'),
(104,104,'legumes/fraise/remontantes/marigette.jpg'),
(105,105,'legumes/fraise/remontantes/mara_bois.jpg'),
(106,106,'legumes/fraise/remontantes/marigette.jpg'),
(107,107,'legumes/fraise/printeniere/gento.jpg'),
(108,108,'null'),
(109,109,'legumes/divers/patate/patate_douce.jpg'),
(110,110,'legumes/divers/asperge/blanche.jpg'),
(111,111,'legumes/divers/asperge/verte.jpg'),
(112,112,'legumes/divers/blette/blette.jpg'),
(113,113,'legumes/divers/blette/blette.jpg'),
(114,114,'legumes/divers/celeri/celeri_rave.jpg'),
(115,115,'legumes/divers/celeri/celeri_branche.jpg'),
(116,116,'legumes/divers/celeri/celeri_branche_perpetuel.jpg'),
(117,117,'legumes/divers/fenouil/fenouil.jpg'),
(118,118,'legumes/aubergine/blanche_long.jpg'),
(119,119,'legumes/aubergine/strille.jpg'),
(120,120,'legumes/aubergine/violet_long.jpg'),
(121,121,'legumes/aubergine/violet_rond.jpg'),
(122,122,'legumes/poivron_piment/rouge.jpg'),
(123,123,'legumes/poivron_piment/jaune.jpeg'),
(124,124,'legumes/poivron_piment/piment_doux.jpg'),
(125,125,'legumes/poivron_piment/sweet-peppers-499068_1920.jpg'),
(126,126,'legumes/poivron_piment/piment_rouge.jpg'),
(127,127,'legumes/poivron_piment/piment_rouge.jpg'),
(128,128,'legumes/poivron_piment/piment_vert.jpg'),
(129,129,'legumes/oignon_poireau/rond_jaune.jpg'),
(130,130,'legumes/oignon_poireau/rond_jaune.jpg'),
(131,131,'legumes/oignon_poireau/long_jaune.jpg'),
(132,132,'legumes/oignon_poireau/rond_jaune.jpg'),
(133,133,'legumes/oignon_poireau/rond_jaune.jpg'),
(134,134,'legumes/oignon_poireau/rond_rouge.jpg'),
(135,135,'legumes/oignon_poireau/long_rouge.jpg'),
(136,136,'legumes/oignon_poireau/rond_blanc.jpg'),
(137,137,'legumes/oignon_poireau/poireau.jpg'),
(138,138,'legumes/oignon_poireau/poireau.jpg')

;

INSERT INTO planting_dates(id,name,start_planting,end_planting,days_until_harvest)
 VALUES
(1,'salade-hiver','2020-09-15','2020-10-01',56),
(2,'salade-printemps','2020-02-01','2020-05-15',35),
(3,'salade-été','2020-05-15','2020-08-15',21),
(4,'salade-automne','2020-08-15','2020-09-15',42),
(5,'choux-hiver','2020-08-01','2020-09-01',1),
(6,'choux-printemps','2020-08-15','2020-09-15',1),
(7,'choux-autmones','2020-07-01','2020-08-01',1),
(8,'courgettes','2020-04-15','2020-06-15',1),
(9,'melons','2020-05-01','2020-06-01',1),
(10,'melons tardif','2020-05-15','2020-06-01',1),
(11,'pasteques','2020-05-01','2020-06-01',1),
(12,'conconmbre','2020-05-15','2020-06-15',1),
(13,'autre curcurbitace','2020-05-01','2020-06-01',1),
(14,'tomate precoce','2020-03-15','2020-04-15',1),
(15,'tomate precoce gros pot','2020-04-15','2020-05-15',1),
(16,'tomate classique','2020-04-15','2020-06-01',1),
(17,'tomate tardives','2020-04-15','2020-06-01',1),
(18,'tomates cerises','2020-04-15','2020-06-01',1),
(19,'tomates collection','2020-04-15','2020-06-01',1),
(20,'aromate printemps','2020-04-15','2020-06-15',1),
(21,'aromate été','2020-06-15','2020-08-15',1),
(22,'artichaud','2020-04-01','2020-10-01',1),
(23,'fraise printemps','2020-09-15','2020-04-15',1),
(24,'fraise automne','2020-09-01','2020-10-01',1),
(25,'patate douce','2020-04-15','2020-05-15',1),
(26,'asperge','2020-02-01','2020-03-01',1),
(27,'blette','2020-04-01','2020-09-01',1),
(28,'betteraves','2020-04-01','2020-09-01',1),
(29,'celeri','2020-04-01','2020-09-01',1),
(30,'fenouil','2020-04-01','2020-09-01',1),
(31,'oignon printemp precoce','2020-03-15','2020-04-15',1),
(32,'oignon printemp tardif','2020-04-15','2020-05-15',1),
(33,'oignon automne','2020-10-01','2020-10-15',1),
(34,'poireau été','2020-07-15','2020-08-15',1),
(35,'poireau hiver','2020-08-15','2020-09-15',1),
(36,'piments','2020-05-01','2020-06-01',1),
(37,'poivrons','2020-04-15','2020-06-01',1),
(38,'aubergines','2020-04-15','2020-06-01',1)

;

INSERT INTO prices(id,name,price,quantity)
 VALUES
(1,'saladx12',2.4,12),
(2,'saladx20',3.7,20),
(3,'saladx6',1.5,6),
(4,'choux1',0.6,1),
(5,'choux10',5.5,10),
(6,'cucux1',1,1),
(7,'tomatex1',1,1),
(8,'auberginex1',1,1),
(9,'poivronx1',1,1),
(11,'artichaudx1',4,1),
(12,'patate_doucex1',3.5,1),
(13,'blette_betterave_celerix1',0.6,1),
(14,'blette_betterave_celerix10',5.5,10),
(15,'poireau_oignonx50',4.5,50),
(16,'poireau_oignonx100',9,100),
(17,'fraisex1',0.9,1),
(18,'collectionx1',1.5,1),
(19,'greffeex1',4.5,1),
(20,'tomate_tresor_gros_pot',6,1),
(21,'aromatique',1.5,1),
(22,'aspergex1',3,1)


;

INSERT INTO plants_prices(id,plant_id,price_id)
 VALUES
(1,1,1),
(2,2,1),
(3,3,1),
(4,4,1),
(5,5,1),
(6,6,1),
(7,7,1),
(8,8,1),
(9,9,1),
(10,10,1),
(11,11,1),
(12,12,1),
(13,13,1),
(14,14,1),
(15,15,1),
(16,16,1),
(17,17,1),
(18,18,1),
(19,19,1),
(20,20,1),
(21,21,1),
(22,1,2),
(23,2,2),
(24,3,2),
(25,4,2),
(26,5,2),
(27,6,2),
(28,7,2),
(29,8,2),
(30,9,2),
(31,10,2),
(32,11,2),
(33,12,2),
(34,13,2),
(35,14,2),
(36,15,2),
(37,16,2),
(38,17,2),
(39,18,2),
(40,19,2),
(41,20,2),
(42,21,2),
(43,1,3),
(44,2,3),
(45,3,3),
(46,4,3),
(47,5,3),
(48,6,3),
(49,7,3),
(50,8,3),
(51,9,3),
(52,10,3),
(53,11,3),
(54,12,3),
(55,13,3),
(56,14,3),
(57,15,3),
(58,16,3),
(59,17,3),
(60,18,3),
(61,19,3),
(62,20,3),
(63,21,3),
(64,22,4),
(65,23,4),
(66,24,4),
(67,25,4),
(68,26,4),
(69,27,4),
(70,28,4),
(71,29,4),
(72,30,4),
(73,31,4),
(74,32,4),
(75,33,4),
(76,34,4),
(77,22,5),
(78,23,5),
(79,24,5),
(80,25,5),
(81,26,5),
(82,27,5),
(83,28,5),
(84,29,5),
(85,30,5),
(86,31,5),
(87,32,5),
(88,33,5),
(89,34,5),
(90,35,6),
(91,36,6),
(92,37,6),
(93,38,6),
(94,39,6),
(95,40,6),
(96,41,6),
(97,42,6),
(98,43,6),
(99,44,6),
(100,45,6),
(101,46,6),
(102,47,6),
(103,48,6),
(104,49,6),
(105,50,6),
(106,51,18),
(107,52,20),
(108,53,7),
(109,54,7),
(110,55,7),
(111,56,7),
(112,57,7),
(113,58,7),
(114,59,7),
(115,60,7),
(116,61,7),
(117,62,7),
(118,63,18),
(119,64,18),
(120,65,18),
(121,66,18),
(122,67,18),
(123,68,18),
(124,69,18),
(125,70,18),
(126,71,18),
(127,72,18),
(128,73,18),
(129,74,21),
(130,75,21),
(131,76,21),
(132,77,21),
(133,78,21),
(134,79,21),
(135,80,21),
(136,81,21),
(137,82,21),
(138,83,21),
(139,84,21),
(140,85,21),
(141,86,21),
(142,87,21),
(143,88,21),
(144,89,21),
(145,90,21),
(146,91,21),
(147,92,21),
(148,93,21),
(149,94,21),
(150,95,21),
(151,96,21),
(152,97,21),
(153,98,21),
(154,99,21),
(155,100,21),
(156,101,21),
(157,102,21),
(158,103,21),
(159,104,21),
(160,105,21),
(161,106,21),
(162,107,21),
(163,108,21),
(164,109,12),
(165,110,22),
(166,111,22),
(167,112,13),
(168,113,13),
(169,114,13),
(170,115,13),
(171,116,13),
(172,117,13),
(173,112,14),
(174,113,14),
(175,114,14),
(176,115,14),
(177,116,14),
(178,117,14),
(179,118,18),
(180,119,18),
(181,120,8),
(182,121,8),
(183,122,7),
(184,123,18),
(185,124,18),
(186,125,18),
(187,126,18),
(188,127,18),
(189,128,9),
(190,129,15),
(191,130,15),
(192,131,15),
(193,132,15),
(194,133,15),
(195,134,15),
(196,135,15),
(197,136,15),
(198,137,15),
(199,138,15),
(200,129,16),
(201,130,16),
(202,131,16),
(203,132,16),
(204,133,16),
(205,134,16),
(206,135,16),
(207,136,16),
(208,137,16),
(209,138,16)

;

INSERT INTO advices (name,advice)
VALUES
('testglobal','familytest'),
('batatest','test batavia brune')
;

INSERT INTO family_advices (family_id,advice_id)
VALUES
(1,1)
;

INSERT INTO plant_advices (plant_id,advice_id)
VALUES
(1,2)
;

